loss,sparse_categorical_accuracy,val_loss,val_sparse_categorical_accuracy
4.648504734039307,0.21504205465316772,3.909759521484375,0.30083465576171875
3.614323377609253,0.31891879439353943,3.5691492557525635,0.3399333953857422
3.2757134437561035,0.3449194133281708,3.476463794708252,0.35113632678985596
3.0777575969696045,0.3593798279762268,3.4465441703796387,0.35797789692878723
2.94571852684021,0.36933425068855286,3.4770753383636475,0.3596639037132263
2.840385675430298,0.3768172860145569,3.525799512863159,0.361168771982193
