loss,sparse_categorical_accuracy,val_loss,val_sparse_categorical_accuracy
4.679876804351807,0.20477645099163055,4.202488422393799,0.25266486406326294
3.730600595474243,0.298665851354599,3.6634886264801025,0.32128971815109253
3.230064868927002,0.34527844190597534,3.4883460998535156,0.34617581963539124
2.910942792892456,0.37410053610801697,3.4354915618896484,0.3594827651977539
2.6594491004943848,0.3990868330001831,3.4471256732940674,0.36880460381507874
2.4658946990966797,0.4191482961177826,3.4692904949188232,0.3694176971912384
2.3192155361175537,0.43487730622291565,3.528580665588379,0.37090864777565
