loss,sparse_categorical_accuracy,val_loss,val_sparse_categorical_accuracy
4.928967475891113,0.1638127863407135,4.134828567504883,0.2684938907623291
3.695540428161621,0.3067203760147095,3.5846898555755615,0.33429014682769775
3.235647678375244,0.3458768427371979,3.4735164642333984,0.3507879674434662
2.9867029190063477,0.3657228946685791,3.4870364665985107,0.35726726055145264
2.8207995891571045,0.37810683250427246,3.5376081466674805,0.3567517101764679
