loss,sparse_categorical_accuracy,val_loss,val_sparse_categorical_accuracy
5.177443027496338,0.1297546774148941,4.992445468902588,0.13426783680915833
4.077121257781982,0.25282520055770874,3.6729745864868164,0.32396504282951355
3.25590181350708,0.34838417172431946,3.4269931316375732,0.3578246235847473
2.92110276222229,0.379177987575531,3.363455057144165,0.3710479736328125
2.692741632461548,0.40098676085472107,3.373318672180176,0.3754371702671051
2.517989158630371,0.4172603189945221,3.411370277404785,0.37770840525627136
2.3865201473236084,0.4309697449207306,3.440418243408203,0.3785862624645233
