loss,sparse_categorical_accuracy,val_loss,val_sparse_categorical_accuracy
5.144760608673096,0.13033214211463928,4.948883533477783,0.13599565625190735
4.0411601066589355,0.25291797518730164,3.703324556350708,0.31295719742774963
3.228424549102783,0.34777379035949707,3.445343494415283,0.3532821536064148
2.8774986267089844,0.3821340799331665,3.3898282051086426,0.36869314312934875
2.6505653858184814,0.4031769335269928,3.4011008739471436,0.37494948506355286
2.484980821609497,0.4189268946647644,3.456415891647339,0.37485194206237793
