loss,sparse_categorical_accuracy,val_loss,val_sparse_categorical_accuracy
5.1520094871521,0.13002994656562805,4.996647357940674,0.134769469499588
4.777873516082764,0.13704921305179596,4.626697540283203,0.20375660061836243
3.7631354331970215,0.2804953455924988,3.6481215953826904,0.3322279155254364
3.100785732269287,0.3576115369796753,3.5180699825286865,0.3534075617790222
2.8216335773468018,0.3848448395729065,3.497706890106201,0.36501455307006836
2.6278905868530273,0.4031080901622772,3.5073914527893066,0.37139633297920227
2.4778923988342285,0.4183703660964966,3.531187057495117,0.3727757930755615
2.3664464950561523,0.4310953915119171,3.57646107673645,0.37584125995635986
