loss,sparse_categorical_accuracy,val_loss,val_sparse_categorical_accuracy
5.124978542327881,0.13050268590450287,4.867558479309082,0.13911686837673187
3.913968324661255,0.2768002152442932,3.5814359188079834,0.3359622061252594
3.136148691177368,0.3613874614238739,3.4069254398345947,0.36070895195007324
2.8037760257720947,0.39241164922714233,3.3623862266540527,0.37139633297920227
2.5677549839019775,0.41633281111717224,3.3988730907440186,0.3805091381072998
2.3944883346557617,0.43435072898864746,3.4803314208984375,0.3812755048274994
2.2639400959014893,0.44919708371162415,3.5291190147399902,0.38298940658569336
